date,open,high,low,close,volume,amount,ma5,ma10,ma20,label1,label2,label3,label4,label5
2016-10-14,26.87,26.87,26.87,26.87,10400,279448.0,,,,29.56,32.52,35.77,39.35,43.29
2016-10-17,29.56,29.56,29.56,29.56,12802,378427.0,,,,32.52,35.77,39.35,43.29,41.66
2016-10-18,32.52,32.52,32.52,32.52,22601,734985.0,,,,35.77,39.35,43.29,41.66,45.83
2016-10-19,35.77,35.77,35.77,35.77,65300,2335781.0,,,,39.35,43.29,41.66,45.83,44.05
2016-10-20,39.35,39.35,39.35,39.35,67400,2652190.0,32.81,,,43.29,41.66,45.83,44.05,45.81
2016-10-21,43.29,43.29,43.29,43.29,239926,10386397.0,36.1,,,41.66,45.83,44.05,45.81,49.71
2016-10-24,43.29,43.29,40.21,41.66,20726165,859462464.0,38.52,,,45.83,44.05,45.81,49.71,47.98
2016-10-25,41.15,45.83,40.8,45.83,18424111,809554880.0,41.18,,,44.05,45.81,49.71,47.98,48.79
2016-10-26,45.3,45.62,43.6,44.05,16528897,735890880.0,42.84,,,45.81,49.71,47.98,48.79,50.24
2016-10-27,45.1,47.54,44.69,45.81,15832079,728532416.0,44.13,38.47,,49.71,47.98,48.79,50.24,48.96
2016-10-28,45.5,50.39,45.11,49.71,21242097,1041895744.0,45.41,40.76,,47.98,48.79,50.24,48.96,49.98
2016-10-31,47.97,48.47,46.5,47.98,13321070,631798784.0,46.68,42.6,,48.79,50.24,48.96,49.98,50.91
2016-11-01,47.36,50.4,47.13,48.79,13486216,661882176.0,47.27,44.22,,50.24,48.96,49.98,50.91,50.48
2016-11-02,47.85,52.77,47.15,50.24,15483153,769235136.0,48.51,45.67,,48.96,49.98,50.91,50.48,51.41
2016-11-03,49.69,52.44,48.68,48.96,14642025,741576768.0,49.14,46.63,,49.98,50.91,50.48,51.41,56.55
2016-11-04,48.13,50.12,48.11,49.98,10135342,498102656.0,49.19,47.3,,50.91,50.48,51.41,56.55,59.94
2016-11-07,50.36,51.87,49.2,50.91,9700491,491794400.0,49.78,48.23,,50.48,51.41,56.55,59.94,57.76
2016-11-08,50.85,51.14,49.8,50.48,7186491,362758880.0,50.11,48.69,,51.41,56.55,59.94,57.76,56.14
2016-11-09,50.28,52.55,49.07,51.41,12791177,653154624.0,50.35,49.43,,56.55,59.94,57.76,56.14,52.38
2016-11-10,51.8,56.55,51.46,56.55,12306126,673257536.0,51.87,50.5,44.49,59.94,57.76,56.14,52.38,53.09
2016-11-11,58.3,62.21,57.7,59.94,20918861,1267219200.0,53.86,51.52,46.14,57.76,56.14,52.38,53.09,53.25
2016-11-14,58.09,59.5,55.55,57.76,11794069,680780928.0,55.23,52.5,47.55,56.14,52.38,53.09,53.25,53.84
2016-11-15,57.4,58.5,56.0,56.14,7177143,407481568.0,56.36,53.24,48.73,52.38,53.09,53.25,53.84,54.52
2016-11-16,56.25,56.4,52.0,52.38,10189510,547544128.0,56.55,53.45,49.56,53.09,53.25,53.84,54.52,52.43
2016-11-17,51.93,53.9,51.93,53.09,6061393,322087808.0,55.86,53.86,50.25,53.25,53.84,54.52,52.43,50.62
2016-11-18,53.0,54.97,52.9,53.25,5636504,303489952.0,54.52,54.19,50.75,53.84,54.52,52.43,50.62,51.03
2016-11-21,53.26,53.99,51.34,53.84,6775622,355950432.0,53.74,54.48,51.36,54.52,52.43,50.62,51.03,49.6
2016-11-22,53.86,55.15,53.5,54.52,7113870,386362720.0,53.42,54.89,51.79,52.43,50.62,51.03,49.6,47.45
2016-11-23,54.5,55.08,52.1,52.43,5554249,297195712.0,53.43,54.99,52.21,50.62,51.03,49.6,47.45,47.2
2016-11-24,52.05,52.8,50.05,50.62,5487023,281509792.0,52.93,54.4,52.45,51.03,49.6,47.45,47.2,48.79
2016-11-25,50.5,51.36,48.4,51.03,4276470,213643008.0,52.49,53.51,52.52,49.6,47.45,47.2,48.79,47.89
2016-11-28,50.83,50.83,49.5,49.6,2493395,124630864.0,51.64,52.69,52.6,47.45,47.2,48.79,47.89,46.55
2016-11-29,49.5,49.98,47.3,47.45,3314873,161569344.0,50.23,51.82,52.53,47.2,48.79,47.89,46.55,47.25
2016-11-30,47.4,47.69,46.35,47.2,2635739,123850144.0,49.18,51.3,52.38,48.79,47.89,46.55,47.25,48.65
2016-12-01,47.26,49.5,47.26,48.79,4107960,198805264.0,48.81,50.87,52.37,47.89,46.55,47.25,48.65,47.12
2016-12-02,48.5,49.72,47.8,47.89,4209876,206113216.0,48.19,50.34,52.26,46.55,47.25,48.65,47.12,45.94
2016-12-05,46.6,47.74,46.31,46.55,2473012,115963928.0,47.58,49.61,52.05,47.25,48.65,47.12,45.94,42.33
2016-12-06,46.98,47.97,46.8,47.25,2178726,103268896.0,47.54,48.88,51.88,48.65,47.12,45.94,42.33,42.58
2016-12-07,47.31,48.67,46.7,48.65,2914377,139203104.0,47.83,48.5,51.75,47.12,45.94,42.33,42.58,41.5
2016-12-08,48.31,48.85,47.05,47.12,2648612,127184104.0,47.49,48.15,51.27,45.94,42.33,42.58,41.5,41.98
2016-12-09,46.9,47.28,45.51,45.94,3079246,142507840.0,47.1,47.64,50.58,42.33,42.58,41.5,41.98,42.76
2016-12-12,45.8,45.8,41.86,42.33,3719422,161363024.0,46.26,46.92,49.8,42.58,41.5,41.98,42.76,42.07
2016-12-13,42.02,43.23,41.23,42.58,2252948,95171088.0,45.32,46.43,49.13,41.5,41.98,42.76,42.07,42.38
2016-12-14,42.2,42.56,41.4,41.5,1792829,75168624.0,43.89,45.86,48.58,41.98,42.76,42.07,42.38,42.77
2016-12-15,41.5,42.79,41.15,41.98,2007857,84622792.0,42.87,45.18,48.03,42.76,42.07,42.38,42.77,43.19
2016-12-16,42.2,43.15,41.8,42.76,2055806,87244856.0,42.23,44.67,47.5,42.07,42.38,42.77,43.19,41.23
2016-12-19,42.67,42.7,41.88,42.07,1387586,58439684.0,42.18,44.22,46.91,42.38,42.77,43.19,41.23,41.0
2016-12-20,41.89,42.55,41.3,42.38,1357168,57305280.0,42.14,43.73,46.31,42.77,43.19,41.23,41.0,40.77
2016-12-21,42.37,42.8,42.0,42.77,1788434,75964264.0,42.39,43.14,45.82,43.19,41.23,41.0,40.77,40.51
2016-12-22,42.85,43.24,42.25,43.19,2556738,109116328.0,42.63,42.75,45.45,41.23,41.0,40.77,40.51,40.48
2016-12-23,43.0,43.15,41.2,41.23,2299011,96752792.0,42.33,42.28,44.96,41.0,40.77,40.51,40.48,40.33
2016-12-26,40.5,41.38,39.35,41.0,2020120,81128128.0,42.11,42.15,44.53,40.77,40.51,40.48,40.33,41.16
2016-12-27,40.78,41.38,40.51,40.77,1396874,57159524.0,41.79,41.96,44.2,40.51,40.48,40.33,41.16,41.26
2016-12-28,40.65,41.0,40.45,40.51,1255270,51136976.0,41.34,41.87,43.86,40.48,40.33,41.16,41.26,40.36
2016-12-29,40.65,40.98,40.31,40.48,959613,39006216.0,40.8,41.72,43.45,40.33,41.16,41.26,40.36,38.34
2016-12-30,40.5,40.75,40.16,40.33,982992,39734452.0,40.62,41.47,43.07,41.16,41.26,40.36,38.34,37.65
2017-01-03,40.6,41.34,40.14,41.16,2019663,82547552.0,40.65,41.38,42.8,41.26,40.36,38.34,37.65,36.98
2017-01-04,41.16,41.38,40.68,41.26,1695117,69614720.0,40.75,41.27,42.5,40.36,38.34,37.65,36.98,35.68
2017-01-05,41.2,41.29,40.33,40.36,1672306,68175216.0,40.72,41.03,42.09,38.34,37.65,36.98,35.68,35.38
2017-01-06,40.38,40.38,38.32,38.34,2889745,112819816.0,40.29,40.54,41.65,37.65,36.98,35.68,35.38,34.43
2017-01-09,38.2,38.37,37.04,37.65,2042481,76589848.0,39.75,40.19,41.23,36.98,35.68,35.38,34.43,32.69
2017-01-10,37.6,37.93,36.93,36.98,1413546,52942456.0,38.92,39.78,40.96,35.68,35.38,34.43,32.69,34.45
2017-01-11,36.8,36.9,35.66,35.68,2380235,86049664.0,37.8,39.28,40.62,35.38,34.43,32.69,34.45,32.89
2017-01-12,35.52,36.15,35.2,35.38,1337657,47726748.0,36.81,38.76,40.31,34.43,32.69,34.45,32.89,33.23
2017-01-13,35.36,35.65,34.0,34.43,1944436,67085708.0,36.02,38.16,39.94,32.69,34.45,32.89,33.23,34.08
2017-01-16,34.37,34.39,31.23,32.69,2275708,75215496.0,35.03,37.39,39.43,34.45,32.89,33.23,34.08,34.13
2017-01-17,32.69,34.6,31.71,34.45,3043399,101692440.0,34.53,36.72,39.05,32.89,33.23,34.08,34.13,33.28
2017-01-18,34.02,34.34,32.82,32.89,1848591,61854800.0,33.97,35.89,38.58,33.23,34.08,34.13,33.28,34.17
2017-01-19,32.5,33.8,32.02,33.23,2030858,67469424.0,33.54,35.17,38.1,34.08,34.13,33.28,34.17,34.28
2017-01-20,33.24,34.48,33.01,34.08,2078612,70789080.0,33.47,34.75,37.64,34.13,33.28,34.17,34.28,33.84
2017-01-23,34.38,34.7,33.96,34.13,1787281,61310652.0,33.76,34.39,37.29,33.28,34.17,34.28,33.84,35.06
2017-01-24,34.13,34.2,33.02,33.28,1302841,43873864.0,33.52,34.02,36.9,34.17,34.28,33.84,35.06,35.16
2017-01-25,33.28,34.24,33.15,34.17,1534987,51903208.0,33.78,33.87,36.57,34.28,33.84,35.06,35.16,35.68
2017-01-26,34.07,34.5,33.8,34.28,1309896,44667616.0,33.99,33.76,36.26,33.84,35.06,35.16,35.68,35.84
2017-02-03,34.26,34.27,33.55,33.84,878500,29700340.0,33.94,33.7,35.93,35.06,35.16,35.68,35.84,34.9
2017-02-06,33.99,35.25,33.84,35.06,2323047,80658032.0,34.13,33.94,35.67,35.16,35.68,35.84,34.9,36.52
2017-02-07,35.0,35.37,34.6,35.16,2249907,78915800.0,34.5,34.01,35.37,35.68,35.84,34.9,36.52,36.56
2017-02-08,35.14,35.85,34.75,35.68,2024551,71759936.0,34.8,34.29,35.09,35.84,34.9,36.52,36.56,36.73
2017-02-09,35.5,36.33,35.4,35.84,2106181,75779224.0,35.12,34.55,34.86,34.9,36.52,36.56,36.73,36.66
2017-02-10,35.61,35.85,34.87,34.9,1752835,61864456.0,35.33,34.63,34.69,36.52,36.56,36.73,36.66,36.24
2017-02-13,34.88,36.6,34.88,36.52,2653540,95827104.0,35.62,34.87,34.63,36.56,36.73,36.66,36.24,35.64
2017-02-14,36.8,36.85,36.1,36.56,2204076,80295264.0,35.9,35.2,34.61,36.73,36.66,36.24,35.64,35.96
2017-02-15,36.26,37.5,36.25,36.73,3002857,111170144.0,36.11,35.46,34.66,36.66,36.24,35.64,35.96,36.31
2017-02-16,36.45,36.73,36.21,36.66,1539384,56096532.0,36.27,35.69,34.73,36.24,35.64,35.96,36.31,36.63
2017-02-17,36.74,37.49,36.17,36.24,1867665,68710968.0,36.54,35.94,34.82,35.64,35.96,36.31,36.63,37.91
2017-02-20,35.31,35.97,35.0,35.64,1603187,56764672.0,36.37,35.99,34.97,35.96,36.31,36.63,37.91,37.21
2017-02-21,35.49,36.13,35.49,35.96,1090080,39119176.0,36.25,36.07,35.04,36.31,36.63,37.91,37.21,37.65
2017-02-22,36.0,37.3,35.92,36.31,1804700,65980916.0,36.16,36.14,35.21,36.63,37.91,37.21,37.65,37.44
2017-02-23,36.23,36.86,35.96,36.63,1528900,55642884.0,36.16,36.21,35.38,37.91,37.21,37.65,37.44,36.91
2017-02-24,36.75,37.97,36.52,37.91,3671806,137525984.0,36.49,36.52,35.58,37.21,37.65,37.44,36.91,36.92
2017-02-27,37.84,38.5,37.05,37.21,2833067,107175032.0,36.8,36.58,35.73,37.65,37.44,36.91,36.92,38.02
2017-02-28,37.22,37.69,36.66,37.65,1700926,63421120.0,37.14,36.69,35.95,37.44,36.91,36.92,38.02,38.57
2017-03-01,37.5,38.18,37.4,37.44,1560666,58831224.0,37.37,36.76,36.11,36.91,36.92,38.02,38.57,38.7
2017-03-02,37.42,37.71,36.9,36.91,1422209,52850880.0,37.42,36.79,36.24,36.92,38.02,38.57,38.7,39.33
2017-03-03,36.72,37.12,36.48,36.92,1075152,39656232.0,37.23,36.86,36.4,38.02,38.57,38.7,39.33,39.1
2017-03-06,36.92,38.04,36.73,38.02,1917143,72218264.0,37.39,37.1,36.54,38.57,38.7,39.33,39.1,39.14
2017-03-07,38.08,38.58,37.63,38.57,3287983,125466608.0,37.57,37.36,36.71,38.7,39.33,39.1,39.14,38.46
2017-03-08,38.21,39.08,38.21,38.7,3170518,122784376.0,37.82,37.6,36.87,39.33,39.1,39.14,38.46,38.76
2017-03-09,38.75,39.49,38.15,39.33,4154685,161527024.0,38.31,37.87,37.04,39.1,39.14,38.46,38.76,39.57
2017-03-10,39.2,39.66,38.79,39.1,3348329,131307520.0,38.74,37.98,37.25,39.14,38.46,38.76,39.57,38.02
2017-03-13,38.91,39.16,38.12,39.14,2657209,102579144.0,38.97,38.18,37.38,38.46,38.76,39.57,38.02,38.37
2017-03-14,38.91,39.2,38.3,38.46,2184753,84691672.0,38.95,38.26,37.48,38.76,39.57,38.02,38.37,38.97
2017-03-15,38.48,39.04,38.3,38.76,2263602,87450008.0,38.96,38.39,37.58,39.57,38.02,38.37,38.97,38.89
2017-03-16,38.81,39.87,38.7,39.57,4030289,158640144.0,39.01,38.66,37.72,38.02,38.37,38.97,38.89,39.89
2017-03-17,39.42,39.8,37.95,38.02,4507787,175427200.0,38.79,38.77,37.81,38.37,38.97,38.89,39.89,39.49
2017-03-20,37.95,38.4,37.4,38.37,2345681,88771320.0,38.64,38.8,37.95,38.97,38.89,39.89,39.49,38.89
2017-03-21,38.37,38.98,38.2,38.97,2496477,96242416.0,38.74,38.84,38.1,38.89,39.89,39.49,38.89,38.13
2017-03-22,38.63,39.16,38.12,38.89,2657369,102824840.0,38.76,38.86,38.23,39.89,39.49,38.89,38.13,35.21
2017-03-23,38.82,40.0,38.3,39.89,5447121,214369856.0,38.83,38.92,38.39,39.49,38.89,38.13,35.21,33.83
2017-03-24,39.88,40.06,39.22,39.49,3151359,124848544.0,39.12,38.96,38.47,38.89,38.13,35.21,33.83,34.05
2017-03-27,39.32,39.6,38.76,38.89,1981082,77337056.0,39.23,38.93,38.55,38.13,35.21,33.83,34.05,34.61
2017-03-28,38.71,39.2,38.11,38.13,1858914,71748792.0,39.06,38.9,38.58,35.21,33.83,34.05,34.61,34.68
2017-03-29,38.0,38.35,35.16,35.21,4271824,155507280.0,38.32,38.54,38.47,33.83,34.05,34.61,34.68,34.1
2017-03-30,35.24,35.3,33.58,33.83,2627354,89473832.0,37.11,37.97,38.31,34.05,34.61,34.68,34.1,31.91
2017-03-31,33.78,34.25,33.6,34.05,1211056,41160024.0,36.02,37.57,38.17,34.61,34.68,34.1,31.91,32.81
2017-04-05,34.06,34.8,33.87,34.61,1192618,41080992.0,35.17,37.2,38.0,34.68,34.1,31.91,32.81,32.18
2017-04-06,34.7,35.06,34.6,34.68,1116221,38855620.0,34.48,36.77,37.8,34.1,31.91,32.81,32.18,32.61
2017-04-07,34.61,34.85,34.01,34.1,1141801,39159080.0,34.25,36.29,37.57,31.91,32.81,32.18,32.61,32.0
2017-04-10,33.91,33.95,31.86,31.91,2559888,83744776.0,33.87,35.49,37.2,32.81,32.18,32.61,32.0,30.76
2017-04-11,31.81,32.97,31.7,32.81,1356624,43807900.0,33.62,34.82,36.89,32.18,32.61,32.0,30.76,30.26
2017-04-12,32.79,32.88,32.02,32.18,966780,31476496.0,33.14,34.15,36.54,32.61,32.0,30.76,30.26,31.16
2017-04-13,32.18,32.89,32.18,32.61,680640,22196434.0,32.72,33.6,36.25,32.0,30.76,30.26,31.16,31.01
2017-04-14,32.62,32.62,31.94,32.0,726116,23317384.0,32.3,33.28,35.91,30.76,30.26,31.16,31.01,31.01
2017-04-17,31.6,31.6,30.53,30.76,1180764,36376000.0,32.07,32.97,35.47,30.26,31.16,31.01,31.01,30.35
2017-04-18,30.7,31.34,30.25,30.26,819592,25241028.0,31.56,32.59,35.08,31.16,31.01,31.01,30.35,30.92
2017-04-19,30.28,31.25,30.02,31.16,1052787,32333752.0,31.36,32.25,34.72,31.01,31.01,30.35,30.92,31.36
2017-04-20,31.16,31.25,30.53,31.01,856332,26494514.0,31.04,31.88,34.32,31.01,30.35,30.92,31.36,32.17
2017-04-21,31.0,31.15,30.87,31.01,578445,17919712.0,30.84,31.57,33.93,30.35,30.92,31.36,32.17,32.11
2017-04-24,31.34,31.34,30.15,30.35,708409,21698756.0,30.76,31.42,33.45,30.92,31.36,32.17,32.11,31.97
2017-04-25,30.66,31.1,30.54,30.92,665226,20562228.0,30.89,31.23,33.02,31.36,32.17,32.11,31.97,32.3
2017-04-26,30.92,31.57,30.8,31.36,932886,29211542.0,30.93,31.14,32.65,32.17,32.11,31.97,32.3,31.84
2017-04-27,31.36,32.29,30.86,32.17,1739245,55061672.0,31.16,31.1,32.35,32.11,31.97,32.3,31.84,31.0
2017-04-28,32.05,32.34,31.77,32.11,1099112,35192080.0,31.38,31.11,32.19,31.97,32.3,31.84,31.0,30.18
2017-05-02,32.3,32.35,31.89,31.97,695241,22256850.0,31.71,31.23,32.1,32.3,31.84,31.0,30.18,30.89
2017-05-03,31.97,32.31,31.7,32.3,1015496,32633048.0,31.98,31.44,32.01,31.84,31.0,30.18,30.89,30.64
2017-05-04,32.16,32.32,31.8,31.84,950500,30450030.0,32.08,31.5,31.88,31.0,30.18,30.89,30.64,30.98
2017-05-05,31.7,31.73,30.9,31.0,958081,29988144.0,31.84,31.5,31.69,30.18,30.89,30.64,30.98,31.49
2017-05-08,30.92,31.19,30.15,30.18,599900,18347866.0,31.46,31.42,31.5,30.89,30.64,30.98,31.49,31.08
2017-05-09,30.2,31.11,30.2,30.89,672181,20627794.0,31.24,31.47,31.44,30.64,30.98,31.49,31.08,31.67
2017-05-10,30.89,31.48,30.51,30.64,1031411,32038344.0,30.91,31.45,31.34,30.98,31.49,31.08,31.67,32.1
2017-05-11,30.26,30.99,29.7,30.98,1028200,31243748.0,30.74,31.41,31.28,31.49,31.08,31.67,32.1,31.75
2017-05-12,31.28,31.85,31.2,31.49,1489575,46940624.0,30.84,31.34,31.22,31.08,31.67,32.1,31.75,31.13
2017-05-15,31.5,31.59,31.05,31.08,870023,27218016.0,31.02,31.24,31.17,31.67,32.1,31.75,31.13,29.99
2017-05-16,31.08,31.69,30.16,31.67,1412420,43753440.0,31.17,31.21,31.22,32.1,31.75,31.13,29.99,27.3
2017-05-17,31.32,32.26,31.32,32.1,1752820,55956272.0,31.46,31.19,31.31,31.75,31.13,29.99,27.3,27.5
2017-05-18,31.74,32.17,31.66,31.75,883974,28180614.0,31.62,31.18,31.34,31.13,29.99,27.3,27.5,27.45
2017-05-19,31.8,31.98,31.08,31.13,865300,27350484.0,31.55,31.19,31.35,29.99,27.3,27.5,27.45,27.43
2017-05-22,31.01,31.28,29.8,29.99,1390460,42223064.0,31.33,31.17,31.3,27.3,27.5,27.45,27.43,27.26
2017-05-23,29.9,30.16,27.28,27.3,1436700,41327496.0,30.45,30.81,31.14,27.5,27.45,27.43,27.26,25.48
2017-05-24,27.35,27.76,26.81,27.5,961776,26272112.0,29.53,30.5,30.97,27.45,27.43,27.26,25.48,26.23
2017-05-25,27.69,27.69,26.7,27.45,1060720,28907522.0,28.67,30.15,30.78,27.43,27.26,25.48,26.23,26.61
2017-05-26,27.21,27.73,27.21,27.43,862082,23703818.0,27.93,29.74,30.54,27.26,25.48,26.23,26.61,26.74
2017-05-31,28.2,28.62,27.23,27.26,1196800,33442730.0,27.39,29.36,30.3,25.48,26.23,26.61,26.74,27.57
2017-06-01,27.09,27.43,25.39,25.48,1302000,34408440.0,27.02,28.74,29.97,26.23,26.61,26.74,27.57,28.48
2017-06-02,25.6,26.32,25.01,26.23,1111517,28572376.0,26.77,28.15,29.67,26.61,26.74,27.57,28.48,28.24
2017-06-05,26.45,26.98,26.45,26.61,936031,25022244.0,26.6,27.64,29.41,26.74,27.57,28.48,28.24,27.53
2017-06-06,26.61,26.96,26.3,26.74,762431,20382844.0,26.46,27.2,29.2,27.57,28.48,28.24,27.53,28.4
2017-06-07,26.65,27.8,26.65,27.57,1384138,37771504.0,26.53,26.96,29.06,28.48,28.24,27.53,28.4,28.14
2017-06-08,27.68,30.33,27.45,28.48,2566875,73578368.0,27.13,27.08,28.94,28.24,27.53,28.4,28.14,28.71
2017-06-09,28.32,28.32,27.61,28.24,1561469,43727812.0,27.53,27.15,28.82,27.53,28.4,28.14,28.71,28.7
2017-06-12,27.51,27.91,27.5,27.53,1025800,28388868.0,27.71,27.16,28.65,28.4,28.14,28.71,28.7,28.8
2017-06-13,27.21,28.47,27.21,28.4,1181841,33249756.0,28.04,27.25,28.5,28.14,28.71,28.7,28.8,28.2
2017-06-14,28.21,28.75,27.5,28.14,999852,28096004.0,28.16,27.34,28.35,28.71,28.7,28.8,28.2,27.93
2017-06-15,28.32,28.96,28.29,28.71,1185400,34008120.0,28.2,27.66,28.2,28.7,28.8,28.2,27.93,27.35
2017-06-16,28.73,28.96,28.4,28.7,743971,21369822.0,28.3,27.91,28.03,28.8,28.2,27.93,27.35,27.42
2017-06-19,28.7,29.0,28.5,28.8,511571,14688170.0,28.55,28.13,27.88,28.2,27.93,27.35,27.42,27.88
2017-06-20,28.94,28.95,28.04,28.2,828906,23670758.0,28.51,28.28,27.74,27.93,27.35,27.42,27.88,28.14
2017-06-21,28.47,28.47,27.7,27.93,719419,20151416.0,28.47,28.31,27.64,27.35,27.42,27.88,28.14,27.51
2017-06-22,27.95,28.15,27.28,27.35,564000,15681423.0,28.2,28.2,27.64,27.42,27.88,28.14,27.51,27.74
2017-06-23,27.35,27.74,26.75,27.42,648300,17665644.0,27.94,28.12,27.63,27.88,28.14,27.51,27.74,27.99
2017-06-26,27.43,27.9,27.04,27.88,454400,12542549.0,27.76,28.15,27.66,28.14,27.51,27.74,27.99,28.3
2017-06-27,27.98,28.29,27.76,28.14,604886,16989560.0,27.74,28.13,27.69,27.51,27.74,27.99,28.3,28.06
2017-06-28,27.88,28.14,27.42,27.51,538217,14862949.0,27.66,28.06,27.7,27.74,27.99,28.3,28.06,28.34
2017-06-29,27.74,28.08,27.52,27.74,478200,13300771.0,27.74,27.97,27.82,27.99,28.3,28.06,28.34,28.28
2017-06-30,27.61,28.1,27.52,27.99,525500,14646041.0,27.85,27.9,27.9,28.3,28.06,28.34,28.28,31.11
2017-07-03,27.96,28.37,27.95,28.3,564692,15909007.0,27.94,27.85,27.99,28.06,28.34,28.28,31.11,29.63
2017-07-04,28.32,28.42,27.96,28.06,540300,15183064.0,27.92,27.83,28.05,28.34,28.28,31.11,29.63,31.59
2017-07-05,28.0,28.39,27.92,28.34,612506,17299908.0,28.09,27.87,28.09,28.28,31.11,29.63,31.59,33.1
2017-07-06,28.34,28.52,28.0,28.28,735252,20803174.0,28.19,27.97,28.08,31.11,29.63,31.59,33.1,32.49
2017-07-07,28.36,31.11,28.31,31.11,5903708,179195616.0,28.82,28.34,28.23,29.63,31.59,33.1,32.49,31.82
2017-07-10,30.55,30.78,29.6,29.63,4232977,127510712.0,29.08,28.51,28.33,31.59,33.1,32.49,31.82,29.29
2017-07-11,29.7,32.34,29.7,31.59,6511447,203211920.0,29.79,28.86,28.49,33.1,32.49,31.82,29.29,29.53
2017-07-12,30.95,33.25,30.63,33.1,6271061,201149136.0,30.74,29.41,28.74,32.49,31.82,29.29,29.53,29.77
2017-07-13,32.53,34.18,32.09,32.49,5996544,198748128.0,31.58,29.89,28.93,31.82,29.29,29.53,29.77,31.62
2017-07-14,32.19,33.29,31.36,31.82,3882659,124797832.0,31.73,30.27,29.08,29.29,29.53,29.77,31.62,30.68
2017-07-17,31.7,31.74,28.96,29.29,3751067,112537104.0,31.66,30.37,29.11,29.53,29.77,31.62,30.68,31.98
2017-07-18,28.64,29.89,28.01,29.53,3021572,87413392.0,31.25,30.52,29.18,29.77,31.62,30.68,31.98,31.27
2017-07-19,29.23,29.98,28.41,29.77,2911848,85356280.0,30.58,30.66,29.27,31.62,30.68,31.98,31.27,30.67
2017-07-20,29.7,31.64,29.52,31.62,4588055,141745696.0,30.41,30.99,29.48,30.68,31.98,31.27,30.67,31.84
2017-07-21,31.3,31.52,30.58,30.68,2827659,87458608.0,30.18,30.95,29.64,31.98,31.27,30.67,31.84,31.12
2017-07-24,30.39,32.0,29.5,31.98,3244008,100109368.0,30.72,31.19,29.85,31.27,30.67,31.84,31.12,31.41
2017-07-25,31.8,32.26,31.1,31.27,2265650,71392984.0,31.06,31.16,30.01,30.67,31.84,31.12,31.41,29.95
2017-07-26,31.1,31.96,30.56,30.67,2030696,63319336.0,31.24,30.91,30.16,31.84,31.12,31.41,29.95,29.56
2017-07-27,30.45,32.28,30.31,31.84,3733872,117929832.0,31.29,30.85,30.37,31.12,31.41,29.95,29.56,29.62
2017-07-28,31.7,31.75,31.0,31.12,2394552,74898800.0,31.38,30.78,30.52,31.41,29.95,29.56,29.62,28.68
2017-07-31,31.34,31.67,31.02,31.41,1535252,48097724.0,31.26,30.99,30.68,29.95,29.56,29.62,28.68,28.77
2017-08-01,31.5,31.57,29.91,29.95,2744880,83659296.0,31.0,31.03,30.77,29.56,29.62,28.68,28.77,28.85
2017-08-02,30.2,30.5,29.52,29.56,1292371,38735800.0,30.78,31.01,30.84,29.62,28.68,28.77,28.85,28.85
2017-08-03,29.58,30.0,29.16,29.62,1094800,32366332.0,30.33,30.81,30.9,28.68,28.77,28.85,28.85,28.17
2017-08-04,29.51,29.82,28.52,28.68,1741700,50499268.0,29.84,30.61,30.78,28.77,28.85,28.85,28.17,27.64
2017-08-07,28.53,28.96,28.52,28.77,646800,18611792.0,29.32,30.29,30.74,28.85,28.85,28.17,27.64,28.2
2017-08-08,28.77,28.91,28.21,28.85,927495,26461924.0,29.1,30.05,30.6,28.85,28.17,27.64,28.2,28.37
2017-08-09,28.83,29.08,28.62,28.85,620800,17921508.0,28.95,29.86,30.39,28.17,27.64,28.2,28.37,28.84
2017-08-10,28.99,29.06,28.05,28.17,994952,28194436.0,28.66,29.5,30.17,27.64,28.2,28.37,28.84,29.25
2017-08-11,28.15,28.15,27.62,27.64,759880,21123134.0,28.46,29.15,29.96,28.2,28.37,28.84,29.25,28.75
2017-08-14,27.65,28.57,27.55,28.2,645231,18123290.0,28.34,28.83,29.91,28.37,28.84,29.25,28.75,29.14
2017-08-15,28.1,28.41,28.1,28.37,531272,15032773.0,28.25,28.67,29.85,28.84,29.25,28.75,29.14,28.85
2017-08-16,28.37,29.1,28.2,28.84,902766,25968600.0,28.24,28.6,29.8,29.25,28.75,29.14,28.85,29.24
2017-08-17,28.7,29.52,28.51,29.25,1079204,31497856.0,28.46,28.56,29.69,28.75,29.14,28.85,29.24,29.12
2017-08-18,29.35,29.35,28.7,28.75,664482,19240852.0,28.68,28.57,29.59,29.14,28.85,29.24,29.12,30.26
2017-08-21,29.18,29.29,28.88,29.14,685300,19936816.0,28.87,28.61,29.45,28.85,29.24,29.12,30.26,31.34
2017-08-22,29.0,29.12,28.71,28.85,605525,17471268.0,28.97,28.61,29.33,29.24,29.12,30.26,31.34,32.63
2017-08-23,28.84,29.32,28.2,29.24,1067500,30789562.0,29.05,28.65,29.25,29.12,30.26,31.34,32.63,30.67
2017-08-24,29.15,29.55,28.9,29.12,1124048,32820188.0,29.02,28.74,29.12,30.26,31.34,32.63,30.67,30.69
2017-08-25,29.18,31.0,28.82,30.26,2637975,79683328.0,29.32,29.0,29.08,31.34,32.63,30.67,30.69,30.72
2017-08-28,30.12,31.8,30.11,31.34,3620868,112290112.0,29.76,29.32,29.07,32.63,30.67,30.69,30.72,30.72
2017-08-29,31.5,32.8,30.92,32.63,5413002,173300896.0,30.52,29.74,29.21,30.67,30.69,30.72,30.72,30.13
2017-08-30,30.95,31.33,30.0,30.67,4526890,139243792.0,30.8,29.92,29.26,30.69,30.72,30.72,30.13,30.27
2017-08-31,30.59,31.06,30.3,30.69,3003612,91958216.0,31.12,30.07,29.32,30.72,30.72,30.13,30.27,30.26
2017-09-01,30.68,30.75,30.3,30.72,1979532,60334436.0,31.21,30.27,29.42,30.72,30.13,30.27,30.26,30.79
2017-09-04,30.67,31.11,30.46,30.72,1876365,57825472.0,31.09,30.42,29.52,30.13,30.27,30.26,30.79,31.19
2017-09-05,30.85,30.85,30.01,30.13,1962131,59558752.0,30.59,30.55,29.58,30.27,30.26,30.79,31.19,30.34
2017-09-06,30.0,30.34,29.63,30.27,1727988,51665776.0,30.51,30.65,29.65,30.26,30.79,31.19,30.34,30.53
2017-09-07,30.16,30.66,30.11,30.26,1917646,58379888.0,30.42,30.77,29.75,30.79,31.19,30.34,30.53,29.99
2017-09-08,29.84,30.8,29.82,30.79,2063016,62966064.0,30.43,30.82,29.91,31.19,30.34,30.53,29.99,29.59
2017-09-11,31.08,31.59,30.8,31.19,1945252,60711832.0,30.53,30.81,30.06,30.34,30.53,29.99,29.59,29.65
2017-09-12,31.53,31.55,30.3,30.34,1877900,57668468.0,30.57,30.58,30.16,30.53,29.99,29.59,29.65,30.01
2017-09-13,30.11,30.69,30.11,30.53,773808,23494308.0,30.62,30.56,30.24,29.99,29.59,29.65,30.01,30.9
2017-09-14,30.56,30.63,29.9,29.99,1136926,34337236.0,30.57,30.49,30.28,29.59,29.65,30.01,30.9,30.9
2017-09-15,30.0,30.18,29.52,29.59,1000000,29796604.0,30.33,30.38,30.32,29.65,30.01,30.9,30.9,32.19
2017-09-18,29.61,29.7,29.03,29.65,789787,23178370.0,30.02,30.27,30.35,30.01,30.9,30.9,32.19,31.36
2017-09-19,29.64,30.1,29.64,30.01,949724,28386660.0,29.95,30.26,30.41,30.9,30.9,32.19,31.36,30.77
2017-09-20,29.97,30.97,29.66,30.9,2222677,67717344.0,30.03,30.32,30.49,30.9,32.19,31.36,30.77,33.17
2017-09-21,30.92,31.8,30.7,30.9,3286220,102774984.0,30.21,30.39,30.58,32.19,31.36,30.77,33.17,32.66
2017-09-22,30.97,32.3,30.3,32.19,6231673,197324976.0,30.73,30.53,30.68,31.36,30.77,33.17,32.66,32.99
2017-09-25,32.11,32.7,31.02,31.36,4625766,147885872.0,31.07,30.55,30.68,30.77,33.17,32.66,32.99,33.2
2017-09-26,31.36,31.39,30.01,30.77,2470419,75431344.0,31.22,30.59,30.58,33.17,32.66,32.99,33.2,33.25
2017-09-27,30.41,33.85,30.41,33.17,8537355,280615616.0,31.68,30.85,30.71,32.66,32.99,33.2,33.25,32.59
2017-09-28,32.6,33.17,32.28,32.66,5581826,182087744.0,32.03,31.12,30.81,32.99,33.2,33.25,32.59,32.62
2017-09-29,32.89,33.85,32.53,32.99,5311824,176206592.0,32.19,31.46,30.92,33.2,33.25,32.59,32.62,33.0
2017-10-09,33.5,34.1,33.0,33.2,4346941,145737152.0,32.56,31.82,31.04,33.25,32.59,32.62,33.0,31.56
2017-10-10,32.73,33.27,32.15,33.25,3043441,99650768.0,33.05,32.14,31.2,32.59,32.62,33.0,31.56,31.89
2017-10-11,32.99,33.17,32.41,32.59,2657302,86946768.0,32.94,32.31,31.32,32.62,33.0,31.56,31.89,31.05
2017-10-12,32.35,33.19,31.87,32.62,1895377,61698456.0,32.93,32.48,31.43,33.0,31.56,31.89,31.05,30.8
2017-10-13,32.1,33.16,32.1,33.0,1304416,42648984.0,32.93,32.56,31.54,31.56,31.89,31.05,30.8,31.15
2017-10-16,32.89,33.0,31.55,31.56,1727859,55361496.0,32.6,32.58,31.56,31.89,31.05,30.8,31.15,31.67
2017-10-17,31.41,32.14,31.15,31.89,893958,28416962.0,32.33,32.69,31.64,31.05,30.8,31.15,31.67,31.51
2017-10-18,31.95,32.14,30.71,31.05,1290464,40446656.0,32.02,32.48,31.67,30.8,31.15,31.67,31.51,31.74
2017-10-19,30.92,31.04,30.09,30.8,929887,28481110.0,31.66,32.3,31.71,31.15,31.67,31.51,31.74,31.6
2017-10-20,30.81,31.2,30.3,31.15,919757,28243076.0,31.29,32.11,31.79,31.67,31.51,31.74,31.6,30.89
2017-10-23,30.82,31.69,30.7,31.67,828080,26064266.0,31.31,31.96,31.89,31.51,31.74,31.6,30.89,29.51
2017-10-24,31.5,31.7,31.02,31.51,839987,26307272.0,31.24,31.78,31.96,31.74,31.6,30.89,29.51,29.65
2017-10-25,31.51,31.75,31.3,31.74,909587,28755336.0,31.37,31.7,32.0,31.6,30.89,29.51,29.65,29.89
2017-10-26,31.98,31.98,31.5,31.6,870687,27614466.0,31.53,31.6,32.04,30.89,29.51,29.65,29.89,29.5
2017-10-27,31.6,31.6,30.59,30.89,978000,30329264.0,31.48,31.39,31.97,29.51,29.65,29.89,29.5,29.41
2017-10-30,30.8,31.0,29.05,29.51,1521800,45069304.0,31.05,31.18,31.88,29.65,29.89,29.5,29.41,29.99
2017-10-31,29.35,29.7,29.15,29.65,769103,22641260.0,30.68,30.96,31.82,29.89,29.5,29.41,29.99,29.92
2017-11-01,29.5,30.18,29.5,29.89,799000,23892936.0,30.31,30.84,31.66,29.5,29.41,29.99,29.92,29.85
2017-11-02,29.75,29.93,29.32,29.5,558800,16516384.0,29.89,30.71,31.5,29.41,29.99,29.92,29.85,29.97
2017-11-03,29.5,29.75,29.03,29.41,615221,18056608.0,29.59,30.54,31.32,29.99,29.92,29.85,29.97,30.92
2017-11-06,29.7,30.0,29.42,29.99,628121,18689764.0,29.69,30.37,31.16,29.92,29.85,29.97,30.92,30.84
2017-11-07,30.0,30.18,29.67,29.92,521861,15562044.0,29.74,30.21,31.0,29.85,29.97,30.92,30.84,31.05
2017-11-08,29.96,30.16,29.82,29.85,599547,17998224.0,29.73,30.02,30.86,29.97,30.92,30.84,31.05,30.7
2017-11-09,29.7,30.1,29.45,29.97,669607,19886588.0,29.83,29.86,30.73,30.92,30.84,31.05,30.7,29.55
2017-11-10,30.09,31.1,29.93,30.92,1661975,50882968.0,30.13,29.86,30.62,30.84,31.05,30.7,29.55,27.68
2017-11-13,31.1,31.17,30.65,30.84,1031283,31887772.0,30.3,29.99,30.59,31.05,30.7,29.55,27.68,27.86
2017-11-14,30.66,31.71,30.66,31.05,1607316,50213320.0,30.53,30.13,30.55,30.7,29.55,27.68,27.86,27.78
2017-11-15,31.21,31.86,30.38,30.7,1660969,51704564.0,30.7,30.22,30.53,29.55,27.68,27.86,27.78,27.76
2017-11-16,30.6,30.61,29.27,29.55,1176746,34886720.0,30.61,30.22,30.47,27.68,27.86,27.78,27.76,26.85
2017-11-17,29.43,29.55,27.5,27.68,1749500,49160880.0,29.96,30.05,30.29,27.86,27.78,27.76,26.85,26.95
2017-11-20,27.61,27.94,26.65,27.86,702049,19151656.0,29.37,29.83,30.1,27.78,27.76,26.85,26.95,26.12
2017-11-21,27.53,28.18,27.43,27.78,735365,20385082.0,28.71,29.62,29.92,27.76,26.85,26.95,26.12,26.63
2017-11-22,27.43,28.28,27.42,27.76,668200,18611598.0,28.13,29.41,29.72,26.85,26.95,26.12,26.63,26.31
2017-11-23,27.55,27.98,26.84,26.85,747100,20470828.0,27.59,29.1,29.48,26.95,26.12,26.63,26.31,26.3
2017-11-24,26.77,27.46,26.73,26.95,407020,10994663.0,27.44,28.7,29.28,26.12,26.63,26.31,26.3,26.76
2017-11-27,27.29,27.35,26.02,26.12,480419,12754750.0,27.09,28.23,29.11,26.63,26.31,26.3,26.76,26.36
2017-11-28,26.13,26.74,26.06,26.63,526520,13873705.0,26.86,27.79,28.96,26.31,26.3,26.76,26.36,24.8
2017-11-29,26.85,26.85,25.88,26.31,521119,13664379.0,26.57,27.35,28.78,26.3,26.76,26.36,24.8,25.33
2017-11-30,26.07,26.52,26.07,26.3,306020,8070799.0,26.46,27.02,28.62,26.76,26.36,24.8,25.33,25.45
2017-12-01,26.22,26.85,26.22,26.76,436603,11633158.0,26.42,26.93,28.49,26.36,24.8,25.33,25.45,26.1
2017-12-04,26.52,26.73,26.1,26.36,491600,12917015.0,26.47,26.78,28.31,24.8,25.33,25.45,26.1,26.2
2017-12-05,26.15,26.39,24.66,24.8,887800,22533948.0,26.11,26.48,28.05,25.33,25.45,26.1,26.2,25.65
2017-12-06,25.25,25.36,24.72,25.33,727687,18294270.0,25.91,26.24,27.83,25.45,26.1,26.2,25.65,26.24
2017-12-07,25.34,25.57,25.02,25.45,407922,10330690.0,25.74,26.1,27.6,26.1,26.2,25.65,26.24,26.23
2017-12-08,25.3,26.39,25.2,26.1,829399,21588456.0,25.61,26.02,27.36,26.2,25.65,26.24,26.23,25.89
2017-12-11,25.92,26.49,25.92,26.2,579909,15236772.0,25.58,26.02,27.13,25.65,26.24,26.23,25.89,25.99
2017-12-12,25.98,26.48,25.51,25.65,402639,10438928.0,25.75,25.93,26.86,26.24,26.23,25.89,25.99,26.18
2017-12-13,25.5,26.4,25.5,26.24,873109,22878312.0,25.93,25.92,26.63,26.23,25.89,25.99,26.18,25.6
2017-12-14,26.24,26.36,25.92,26.23,463122,12098752.0,26.08,25.91,26.47,25.89,25.99,26.18,25.6,25.59
2017-12-15,26.01,26.32,25.76,25.89,516100,13428506.0,26.04,25.82,26.38,25.99,26.18,25.6,25.59,25.21
2017-12-18,25.8,26.24,25.73,25.99,351800,9123383.0,26.0,25.79,26.29,26.18,25.6,25.59,25.21,25.0
2017-12-19,25.99,26.28,25.92,26.18,540922,14129782.0,26.11,25.93,26.2,25.6,25.59,25.21,25.0,25.58
2017-12-20,26.15,26.18,25.4,25.6,443300,11430750.0,25.98,25.95,26.1,25.59,25.21,25.0,25.58,25.04
2017-12-21,25.8,25.8,24.9,25.59,407200,10335934.0,25.85,25.97,26.03,25.21,25.0,25.58,25.04,25.43
2017-12-22,25.47,25.75,25.2,25.21,283800,7244266.0,25.71,25.88,25.95,25.0,25.58,25.04,25.43,25.52
2017-12-25,25.1,25.34,24.54,25.0,426300,10575788.0,25.52,25.76,25.89,25.58,25.04,25.43,25.52,25.58
2017-12-26,25.3,25.79,24.81,25.58,594300,15131844.0,25.4,25.75,25.84,25.04,25.43,25.52,25.58,25.74
2017-12-27,25.43,25.75,24.88,25.04,577951,14584438.0,25.28,25.63,25.78,25.43,25.52,25.58,25.74,25.62
2017-12-28,25.04,25.56,24.9,25.43,629600,15902289.0,25.25,25.55,25.73,25.52,25.58,25.74,25.62,25.52
2017-12-29,25.41,25.6,25.12,25.52,423100,10724869.0,25.31,25.51,25.67,25.58,25.74,25.62,25.52,26.47
2018-01-02,25.6,25.77,25.28,25.58,360951,9189053.0,25.43,25.47,25.63,25.74,25.62,25.52,26.47,26.31
2018-01-03,25.49,25.76,25.25,25.74,736981,18832116.0,25.46,25.43,25.68,25.62,25.52,26.47,26.31,26.85
2018-01-04,25.73,25.78,25.41,25.62,517751,13250855.0,25.58,25.43,25.69,25.52,26.47,26.31,26.85,26.92
2018-01-05,25.7,25.7,25.3,25.52,512700,13053304.0,25.6,25.42,25.7,26.47,26.31,26.85,26.92,26.04
2018-01-08,25.46,26.5,25.1,26.47,2294738,59731248.0,25.79,25.55,25.71,26.31,26.85,26.92,26.04,24.9
2018-01-09,26.66,26.81,26.06,26.31,2356834,62165760.0,25.93,25.68,25.72,26.85,26.92,26.04,24.9,25.53
2018-01-10,26.32,27.0,26.06,26.85,3391029,90425152.0,26.15,25.81,25.78,26.92,26.04,24.9,25.53,25.29
2018-01-11,27.23,27.49,26.68,26.92,3368266,91404848.0,26.41,26.0,25.81,26.04,24.9,25.53,25.29,25.3
2018-01-12,26.4,26.79,25.88,26.04,1663765,43363428.0,26.52,26.06,25.8,24.9,25.53,25.29,25.3,25.05
2018-01-15,25.7,25.92,24.75,24.9,1031002,26128828.0,26.2,25.99,25.75,25.53,25.29,25.3,25.05,24.84
2018-01-16,24.21,25.98,24.21,25.53,1365911,34749080.0,26.05,25.99,25.73,25.29,25.3,25.05,24.84,24.71
2018-01-17,25.35,25.66,24.81,25.29,860400,21755042.0,25.74,25.94,25.69,25.3,25.05,24.84,24.71,25.0
2018-01-18,25.29,25.31,24.76,25.3,943199,23624112.0,25.41,25.91,25.67,25.05,24.84,24.71,25.0,24.68
2018-01-19,25.54,25.54,24.93,25.05,969899,24481104.0,25.21,25.87,25.65,24.84,24.71,25.0,24.68,24.91
2018-01-22,24.86,25.0,24.26,24.84,829893,20470312.0,25.2,25.7,25.63,24.71,25.0,24.68,24.91,24.88
2018-01-23,24.73,24.97,24.63,24.71,430200,10651375.0,25.04,25.54,25.61,25.0,24.68,24.91,24.88,24.57
2018-01-24,24.75,25.1,24.4,25.0,638188,15795130.0,24.98,25.36,25.58,24.68,24.91,24.88,24.57,23.77
2018-01-25,24.69,25.1,24.4,24.68,773500,19226748.0,24.86,25.13,25.56,24.91,24.88,24.57,23.77,21.92
2018-01-26,24.66,25.06,24.55,24.91,1125099,27991456.0,24.83,25.02,25.54,24.88,24.57,23.77,21.92,21.11
2018-01-29,24.91,25.1,24.55,24.88,499740,12399651.0,24.84,25.02,25.51,24.57,23.77,21.92,21.11,20.98
2018-01-30,24.96,24.96,24.46,24.57,302217,7443330.0,24.81,24.92,25.46,23.77,21.92,21.11,20.98,19.48
2018-01-31,24.68,24.68,23.6,23.77,547399,13197051.0,24.56,24.77,25.36,21.92,21.11,20.98,19.48,19.88
2018-02-01,23.69,23.91,21.86,21.92,933900,21153556.0,24.01,24.43,25.17,21.11,20.98,19.48,19.88,20.23
2018-02-02,21.9,21.9,20.82,21.11,559130,11899919.0,23.25,24.04,24.95,20.98,19.48,19.88,20.23,19.36
2018-02-05,21.02,21.21,20.68,20.98,544407,11435647.0,22.47,23.65,24.68,19.48,19.88,20.23,19.36,19.9
2018-02-06,20.78,20.96,19.43,19.48,816000,16427810.0,21.45,23.13,24.34,19.88,20.23,19.36,19.9,19.63
2018-02-07,19.82,20.0,19.18,19.88,470199,9286609.0,20.67,22.62,23.99,20.23,19.36,19.9,19.63,19.57
2018-02-08,19.62,20.37,19.62,20.23,449200,9048923.0,20.34,22.17,23.65,19.36,19.9,19.63,19.57,19.81
2018-02-09,20.0,20.0,19.21,19.36,610200,11896051.0,19.99,21.62,23.32,19.9,19.63,19.57,19.81,20.02
2018-02-12,19.4,20.05,19.4,19.9,632400,12493538.0,19.77,21.12,23.07,19.63,19.57,19.81,20.02,20.65
2018-02-13,19.95,19.95,19.62,19.63,472099,9339358.0,19.8,20.63,22.77,19.57,19.81,20.02,20.65,20.79
2018-02-14,19.86,19.88,19.52,19.57,199800,3916012.0,19.74,20.21,22.49,19.81,20.02,20.65,20.79,20.74
2018-02-22,19.7,19.9,19.64,19.81,548579,10849737.0,19.65,20.0,22.21,20.02,20.65,20.79,20.74,21.22
2018-02-23,19.88,20.25,19.77,20.02,502799,10038369.0,19.79,19.89,21.96,20.65,20.79,20.74,21.22,21.88
2018-02-26,20.11,20.75,20.11,20.65,1043400,21442424.0,19.94,19.85,21.75,20.79,20.74,21.22,21.88,21.6
2018-02-27,20.85,20.9,20.63,20.79,969671,20131800.0,20.17,19.98,21.56,20.74,21.22,21.88,21.6,21.89
2018-02-28,20.72,20.9,20.22,20.74,675877,13966279.0,20.4,20.07,21.34,21.22,21.88,21.6,21.89,21.44
2018-03-01,20.73,21.27,20.45,21.22,1165577,24484996.0,20.68,20.17,21.17,21.88,21.6,21.89,21.44,21.64
2018-03-02,21.06,22.42,19.1,21.88,1987105,43396064.0,21.06,20.42,21.02,21.6,21.89,21.44,21.64,22.41
2018-03-05,21.7,22.13,21.31,21.6,1164230,25126256.0,21.25,20.59,20.86,21.89,21.44,21.64,22.41,22.54
2018-03-06,21.68,22.12,21.3,21.89,1042830,22771532.0,21.47,20.82,20.72,21.44,21.64,22.41,22.54,22.51
2018-03-07,21.85,22.0,21.41,21.44,759576,16448006.0,21.61,21.0,20.6,21.64,22.41,22.54,22.51,22.3
2018-03-08,21.59,21.8,21.35,21.64,715200,15424339.0,21.69,21.19,20.59,22.41,22.54,22.51,22.3,21.6
2018-03-09,21.88,22.45,21.64,22.41,1499300,33235674.0,21.8,21.43,20.66,22.54,22.51,22.3,21.6,21.53
2018-03-12,22.6,23.23,22.5,22.54,1568635,35860920.0,21.98,21.62,20.73,22.51,22.3,21.6,21.53,21.77
2018-03-13,22.54,22.96,22.21,22.51,1029100,23292360.0,22.11,21.79,20.89,22.3,21.6,21.53,21.77,21.79
2018-03-14,22.33,22.75,22.22,22.3,656000,14712723.0,22.28,21.94,21.01,21.6,21.53,21.77,21.79,21.68
2018-03-15,22.33,22.33,21.15,21.6,1129500,24319166.0,22.27,21.98,21.08,21.53,21.77,21.79,21.68,21.53
2018-03-16,21.46,21.98,21.36,21.53,839300,18162288.0,22.1,21.95,21.18,21.77,21.79,21.68,21.53,19.62
2018-03-19,21.44,21.8,21.44,21.77,1015123,22019764.0,21.94,21.96,21.28,21.79,21.68,21.53,19.62,19.85
2018-03-20,21.53,22.05,21.4,21.79,1540300,33429488.0,21.8,21.95,21.38,21.68,21.53,19.62,19.85,20.41
2018-03-21,21.78,22.35,21.6,21.68,1662900,36575032.0,21.67,21.98,21.49,21.53,19.62,19.85,20.41,20.59
2018-03-22,21.6,21.83,21.1,21.53,1030279,22105350.0,21.66,21.97,21.58,19.62,19.85,20.41,20.59,21.06
2018-03-23,20.81,21.03,19.38,19.62,1754030,35263724.0,21.28,21.69,21.56,19.85,20.41,20.59,21.06,21.66
2018-03-26,19.1,19.89,18.61,19.85,1063875,20483686.0,20.89,21.42,21.52,20.41,20.59,21.06,21.66,21.98
2018-03-27,20.02,20.65,20.02,20.41,1373375,28039660.0,20.62,21.21,21.5,20.59,21.06,21.66,21.98,23.31
2018-03-28,20.4,21.15,20.05,20.59,1327400,27474370.0,20.4,21.04,21.49,21.06,21.66,21.98,23.31,22.33
2018-03-29,20.6,21.4,20.58,21.06,1189875,25033964.0,20.31,20.98,21.48,21.66,21.98,23.31,22.33,22.02
2018-03-30,21.2,21.78,20.85,21.66,1572679,33620992.0,20.71,21.0,21.47,21.98,23.31,22.33,22.02,21.46
2018-04-02,21.7,22.53,21.7,21.98,2036769,45068972.0,21.14,21.02,21.49,23.31,22.33,22.02,21.46,21.99
2018-04-03,21.5,23.88,21.35,23.31,3206031,72570936.0,21.72,21.17,21.56,22.33,22.02,21.46,21.99,22.35
2018-04-04,23.35,23.56,22.2,22.33,2693106,61240740.0,22.07,21.23,21.61,22.02,21.46,21.99,22.35,22.07
2018-04-09,22.05,22.27,21.3,22.02,1833175,39950156.0,22.26,21.28,21.62,21.46,21.99,22.35,22.07,21.67
2018-04-10,21.88,22.02,20.91,21.46,1924798,41295680.0,22.22,21.47,21.58,21.99,22.35,22.07,21.67,21.0
2018-04-11,21.4,22.15,21.37,21.99,1547445,33814732.0,22.22,21.68,21.55,22.35,22.07,21.67,21.0,22.61
2018-04-12,21.98,22.56,21.79,22.35,1941521,43058520.0,22.03,21.88,21.54,22.07,21.67,21.0,22.61,23.31
2018-04-13,22.37,22.65,22.0,22.07,1777745,39602624.0,21.98,22.02,21.53,21.67,21.0,22.61,23.31,25.64
2018-04-16,21.86,21.98,21.51,21.67,1438293,31262092.0,21.91,22.08,21.53,21.0,22.61,23.31,25.64,25.6
2018-04-17,21.75,22.09,20.93,21.0,1243501,26999990.0,21.82,22.02,21.51,22.61,23.31,25.64,25.6,25.9
2018-04-18,21.27,22.9,20.5,22.61,4178730,92940000.0,21.94,22.08,21.55,23.31,25.64,25.6,25.9,24.76
2018-04-19,22.43,23.99,22.31,23.31,5518267,129252328.0,22.13,22.08,21.63,25.64,25.6,25.9,24.76,24.18
2018-04-20,22.95,25.64,22.7,25.64,9281338,230146656.0,22.85,22.41,21.82,25.6,25.9,24.76,24.18,23.64
2018-04-23,26.5,27.29,25.11,25.6,11980568,314501568.0,23.63,22.77,22.03,25.9,24.76,24.18,23.64,22.49
2018-04-24,24.18,26.38,24.18,25.9,8646684,217698416.0,24.61,23.21,22.34,24.76,24.18,23.64,22.49,22.44
2018-04-25,24.79,25.6,24.55,24.76,6442538,160880928.0,25.04,23.49,22.59,24.18,23.64,22.49,22.44,22.68
2018-04-26,24.6,25.35,23.98,24.18,4790286,118755664.0,25.22,23.67,22.77,23.64,22.49,22.44,22.68,23.4
2018-04-27,24.64,25.0,23.1,23.64,4575995,109651936.0,24.82,23.83,22.93,22.49,22.44,22.68,23.4,23.29
2018-05-02,23.6,23.81,21.88,22.49,3963350,90251072.0,24.19,23.91,23.0,22.44,22.68,23.4,23.29,23.45
2018-05-03,22.37,22.76,20.71,22.44,3079200,68036952.0,23.5,24.06,23.04,22.68,23.4,23.29,23.45,23.9
2018-05-04,22.4,22.95,22.08,22.68,3087742,69740544.0,23.09,24.06,23.07,23.4,23.29,23.45,23.9,23.01
2018-05-07,22.58,23.51,22.56,23.4,3503492,80950568.0,22.93,24.07,23.08,23.29,23.45,23.9,23.01,23.04
2018-05-08,23.2,23.47,22.98,23.29,2475742,57479984.0,22.86,23.84,23.12,23.45,23.9,23.01,23.04,22.91
2018-05-09,23.33,23.77,23.0,23.45,2695791,63031684.0,23.05,23.62,23.2,23.9,23.01,23.04,22.91,22.29
2018-05-10,23.76,24.33,23.4,23.9,3424650,81581600.0,23.34,23.42,23.32,23.01,23.04,22.91,22.29,23.03
2018-05-11,24.19,24.2,22.87,23.01,2596900,61012232.0,23.41,23.25,23.37,23.04,22.91,22.29,23.03,22.78
2018-05-14,22.81,23.75,22.66,23.04,2026400,46949864.0,23.34,23.13,23.4,22.91,22.29,23.03,22.78,23.4
2018-05-15,22.81,23.2,22.22,22.91,2147700,48596792.0,23.26,23.06,23.45,22.29,23.03,22.78,23.4,24.32
2018-05-16,22.53,22.87,22.21,22.29,1554100,35137232.0,23.03,23.04,23.48,23.03,22.78,23.4,24.32,23.87
2018-05-17,22.3,23.07,22.28,23.03,2042491,46458732.0,22.86,23.1,23.58,22.78,23.4,24.32,23.87,24.58
2018-05-18,23.1,23.35,22.41,22.78,1703386,38750884.0,22.81,23.11,23.59,23.4,24.32,23.87,24.58,24.44
2018-05-21,23.0,23.69,22.7,23.4,2342177,54594776.0,22.88,23.11,23.59,24.32,23.87,24.58,24.44,23.56
2018-05-22,23.4,24.35,23.32,24.32,4615991,110686408.0,23.16,23.21,23.53,23.87,24.58,24.44,23.56,23.22
2018-05-23,24.1,24.33,23.75,23.87,3018759,72527344.0,23.48,23.26,23.44,24.58,24.44,23.56,23.22,21.27
2018-05-24,23.8,24.62,23.71,24.58,3556250,86466608.0,23.79,23.32,23.37,24.44,23.56,23.22,21.27,21.48
2018-05-25,24.62,24.88,24.22,24.44,3505535,85775608.0,24.12,23.47,23.36,23.56,23.22,21.27,21.48,21.68
2018-05-28,24.6,24.69,23.25,23.56,2723500,64907712.0,24.15,23.52,23.33,23.22,21.27,21.48,21.68,22.09
2018-05-29,23.3,24.2,23.0,23.22,1904500,45052044.0,23.93,23.55,23.3,21.27,21.48,21.68,22.09,22.35
2018-05-30,22.38,22.89,20.99,21.27,2676783,59155172.0,23.41,23.45,23.24,21.48,21.68,22.09,22.35,22.05
2018-05-31,21.5,21.99,21.06,21.48,1457930,31412462.0,22.79,23.29,23.2,21.68,22.09,22.35,22.05,21.5
2018-06-01,21.4,21.99,21.18,21.68,1506899,32529760.0,22.24,23.18,23.15,22.09,22.35,22.05,21.5,20.9
2018-06-04,22.1,22.49,20.99,22.09,1714699,37894856.0,21.95,23.05,23.08,22.35,22.05,21.5,20.9,20.6
2018-06-05,22.33,22.36,21.91,22.35,1718400,38062944.0,21.77,22.85,23.03,22.05,21.5,20.9,20.6,20.48
2018-06-06,22.2,22.3,21.9,22.05,1318200,29101552.0,21.93,22.67,22.96,21.5,20.9,20.6,20.48,19.62
2018-06-07,22.28,22.3,21.44,21.5,1399835,30452004.0,21.93,22.36,22.84,20.9,20.6,20.48,19.62,19.62
2018-06-08,21.57,21.77,20.52,20.9,1498500,31586204.0,21.78,22.01,22.74,20.6,20.48,19.62,19.62,18.66
2018-06-11,20.96,20.98,20.48,20.6,949900,19670686.0,21.48,21.71,22.62,20.48,19.62,19.62,18.66,16.79
2018-06-12,20.7,20.89,19.78,20.48,1089700,22040434.0,21.11,21.44,22.49,19.62,19.62,18.66,16.79,17.2
2018-06-13,20.38,20.46,19.5,19.62,1346600,26951952.0,20.62,21.28,22.36,19.62,18.66,16.79,17.2,16.41
2018-06-14,19.58,19.93,19.5,19.62,807500,15905112.0,20.24,21.09,22.19,18.66,16.79,17.2,16.41,17.09
2018-06-15,19.62,19.77,18.6,18.66,1338203,25376122.0,19.8,20.79,21.98,16.79,17.2,16.41,17.09,17.55
2018-06-19,18.3,18.46,16.79,16.79,1715100,29780826.0,19.03,20.26,21.65,17.2,16.41,17.09,17.55,17.92
2018-06-20,16.75,17.47,16.7,17.2,1121399,19149392.0,18.38,19.74,21.3,16.41,17.09,17.55,17.92,17.36
2018-06-21,17.2,17.29,16.33,16.41,992262,16654308.0,17.74,19.18,20.92,17.09,17.55,17.92,17.36,17.12
2018-06-22,16.46,17.15,16.32,17.09,1203262,20327700.0,17.23,18.74,20.55,17.55,17.92,17.36,17.12,18.02
2018-06-25,17.3,18.45,17.14,17.55,1796161,32114380.0,17.01,18.4,20.21,17.92,17.36,17.12,18.02,19.82
2018-06-26,17.12,18.13,16.71,17.92,1180262,20867356.0,17.23,18.13,19.92,17.36,17.12,18.02,19.82,21.8
2018-06-27,17.6,17.86,17.28,17.36,902600,15769125.0,17.27,17.82,19.63,17.12,18.02,19.82,21.8,21.72
2018-06-28,17.36,17.74,16.86,17.12,823200,14329599.0,17.41,17.57,19.42,18.02,19.82,21.8,21.72,19.55
2018-06-29,17.01,18.04,17.01,18.02,1555506,27631244.0,17.59,17.41,19.25,19.82,21.8,21.72,19.55,19.2
2018-07-02,19.75,19.82,19.75,19.82,2957380,58599172.0,18.05,17.53,19.16,21.8,21.72,19.55,19.2,20.37
2018-07-03,19.69,21.8,19.47,21.8,6729435,138117184.0,18.82,18.03,19.14,21.72,19.55,19.2,20.37,20.46
2018-07-04,22.0,23.0,20.81,21.72,8491174,188601424.0,19.7,18.48,19.11,19.55,19.2,20.37,20.46,18.97
2018-07-05,21.2,21.35,19.55,19.55,5195678,105146696.0,20.18,18.8,18.99,19.2,20.37,20.46,18.97,20.87
2018-07-06,19.53,20.58,19.1,19.2,4486949,89477496.0,20.42,19.01,18.87,20.37,20.46,18.97,20.87,21.18
2018-07-09,18.55,20.9,18.55,20.37,5333469,107419408.0,20.53,19.29,18.84,20.46,18.97,20.87,21.18,20.97
2018-07-10,20.1,20.55,19.8,20.46,4112429,82913176.0,20.26,19.54,18.84,18.97,20.87,21.18,20.97,21.47
2018-07-11,20.12,20.15,18.41,18.97,4244234,80943456.0,19.71,19.7,18.76,20.87,21.18,20.97,21.47,20.31
2018-07-12,19.13,20.87,19.13,20.87,2441950,50137312.0,19.97,20.08,18.82,21.18,20.97,21.47,20.31,20.09
2018-07-13,22.2,22.57,20.85,21.18,7607195,164400096.0,20.37,20.39,18.9,20.97,21.47,20.31,20.09,20.44
2018-07-16,21.26,22.05,20.8,20.97,4675844,100420160.0,20.49,20.51,19.02,21.47,20.31,20.09,20.44,20.47
2018-07-17,21.25,21.77,20.65,21.47,4674535,99908568.0,20.69,20.48,19.25,20.31,20.09,20.44,20.47,20.76
2018-07-18,21.12,21.42,20.01,20.31,4182745,85998976.0,20.96,20.34,19.41,20.09,20.44,20.47,20.76,20.33
2018-07-19,20.27,20.55,19.83,20.09,2293324,46277136.0,20.8,20.39,19.59,20.44,20.47,20.76,20.33,19.57
2018-07-20,20.09,20.49,19.82,20.44,2139351,43337136.0,20.66,20.51,19.76,20.47,20.76,20.33,19.57,19.23
2018-07-23,20.39,20.82,20.02,20.47,1811680,36955756.0,20.56,20.52,19.91,20.76,20.33,19.57,19.23,19.18
2018-07-24,20.6,20.79,20.1,20.76,2310030,47256656.0,20.41,20.55,20.05,20.33,19.57,19.23,19.18,19.11
2018-07-25,20.53,20.95,20.25,20.33,1951281,40047748.0,20.42,20.69,20.2,19.57,19.23,19.18,19.11,18.57
2018-07-26,20.28,20.28,19.28,19.57,2493600,48953864.0,20.31,20.56,20.32,19.23,19.18,19.11,18.57,17.79
2018-07-27,19.49,19.59,19.11,19.23,1170580,22671130.0,20.07,20.36,20.38,19.18,19.11,18.57,17.79,17.53
2018-07-30,19.54,19.62,19.1,19.18,1022655,19761708.0,19.81,20.18,20.35,,,,,
2018-07-31,19.13,19.45,19.01,19.11,697400,13411462.0,19.48,19.95,20.21,,,,,
2018-08-01,19.28,19.39,18.5,18.57,980500,18588340.0,19.13,19.77,20.06,,,,,
2018-08-02,18.44,18.44,17.21,17.79,1423166,25285488.0,18.78,19.54,19.97,,,,,
2018-08-03,17.82,18.0,17.51,17.53,642000,11371495.0,18.44,19.25,19.88,,,,,
